<?xml version="1.0" encoding="utf-8"?>
<form>
<structure>
<FormId>3</FormId>
<FormName><![CDATA[political-quiz-1]]></FormName>
<FormLayout><![CDATA[<fieldset class="formFieldset">
{error}
<!-- Do not remove this ID, it is used to identify the page so that the pagination script can work correctly -->
<ol class="formContainer" id="rsform_{global:formid}_page_0">
	<li class="rsform-block rsform-block-escapetheecho">
		<div class="formCaption2">{escapetheecho:caption}</div>
		<div class="formBody">{escapetheecho:body}<span class="formClr">{escapetheecho:validation}</span></div>
		<div class="formDescription">{escapetheecho:description}</div>
	</li>
	<li class="rsform-block rsform-block-introtext">
		<div class="formCaption2">{introtext:caption}</div>
		<div class="formBody">{introtext:body}<span class="formClr">{introtext:validation}</span></div>
		<div class="formDescription">{introtext:description}</div>
	</li>
	<li class="rsform-block rsform-block-conflictcountries">
		<div class="formCaption2">{conflictCountries:caption}<strong class="formRequired"><span class="formRed">*</span></strong></div>
		<div class="formBody">{conflictCountries:body}<span class="formClr">{conflictCountries:validation}</span></div>
		<div class="formDescription">{conflictCountries:description}</div>
	</li>
	<li class="rsform-block rsform-block-associetywe">
		<div class="formCaption2">{asSocietyWe:caption}<strong class="formRequired"><span class="formRed">*</span></strong></div>
		<div class="formBody">{asSocietyWe:body}<span class="formClr">{asSocietyWe:validation}</span></div>
		<div class="formDescription">{asSocietyWe:description}</div>
	</li>
	<li class="rsform-block rsform-block-presidenttrump">
		<div class="formCaption2">{presidentTrump:caption}<strong class="formRequired"><span class="formRed">*</span></strong></div>
		<div class="formBody">{presidentTrump:body}<span class="formClr">{presidentTrump:validation}</span></div>
		<div class="formDescription">{presidentTrump:description}</div>
	</li>
	<li class="rsform-block rsform-block-education">
		<div class="formCaption2">{education:caption}<strong class="formRequired"><span class="formRed">*</span></strong></div>
		<div class="formBody">{education:body}<span class="formClr">{education:validation}</span></div>
		<div class="formDescription">{education:description}</div>
	</li>
	<li class="rsform-block rsform-block-taxesshouldbe">
		<div class="formCaption2">{taxesShouldBe:caption}<strong class="formRequired"><span class="formRed">*</span></strong></div>
		<div class="formBody">{taxesShouldBe:body}<span class="formClr">{taxesShouldBe:validation}</span></div>
		<div class="formDescription">{taxesShouldBe:description}</div>
	</li>
	<li class="rsform-block rsform-block-guaranteedhealthcare">
		<div class="formCaption2">{guaranteedHealthcare:caption}<strong class="formRequired"><span class="formRed">*</span></strong></div>
		<div class="formBody">{guaranteedHealthcare:body}<span class="formClr">{guaranteedHealthcare:validation}</span></div>
		<div class="formDescription">{guaranteedHealthcare:description}</div>
	</li>
	<li class="rsform-block rsform-block-globalwarming">
		<div class="formCaption2">{globalWarming:caption}<strong class="formRequired"><span class="formRed">*</span></strong></div>
		<div class="formBody">{globalWarming:body}<span class="formClr">{globalWarming:validation}</span></div>
		<div class="formDescription">{globalWarming:description}</div>
	</li>
	<li class="rsform-block rsform-block-nuclearenergy">
		<div class="formCaption2">{nuclearEnergy:caption}<strong class="formRequired"><span class="formRed">*</span></strong></div>
		<div class="formBody">{nuclearEnergy:body}<span class="formClr">{nuclearEnergy:validation}</span></div>
		<div class="formDescription">{nuclearEnergy:description}</div>
	</li>
	<li class="rsform-block rsform-block-geneticallymodifiedcrops">
		<div class="formCaption2">{geneticallyModifiedCrops:caption}<strong class="formRequired"><span class="formRed">*</span></strong></div>
		<div class="formBody">{geneticallyModifiedCrops:body}<span class="formClr">{geneticallyModifiedCrops:validation}</span></div>
		<div class="formDescription">{geneticallyModifiedCrops:description}</div>
	</li>
	<li class="rsform-block rsform-block-financialsupportfortheunemployed">
		<div class="formCaption2">{financialSupportForTheUnemployed:caption}<strong class="formRequired"><span class="formRed">*</span></strong></div>
		<div class="formBody">{financialSupportForTheUnemployed:body}<span class="formClr">{financialSupportForTheUnemployed:validation}</span></div>
		<div class="formDescription">{financialSupportForTheUnemployed:description}</div>
	</li>
	<li class="rsform-block rsform-block-thehomeless">
		<div class="formCaption2">{theHomeless:caption}<strong class="formRequired"><span class="formRed">*</span></strong></div>
		<div class="formBody">{theHomeless:body}<span class="formClr">{theHomeless:validation}</span></div>
		<div class="formDescription">{theHomeless:description}</div>
	</li>
	<li class="rsform-block rsform-block-governmentsuddenlyearnssurplus">
		<div class="formCaption2">{governmentSuddenlyEarnsSurplus:caption}<strong class="formRequired"><span class="formRed">*</span></strong></div>
		<div class="formBody">{governmentSuddenlyEarnsSurplus:body}<span class="formClr">{governmentSuddenlyEarnsSurplus:validation}</span></div>
		<div class="formDescription">{governmentSuddenlyEarnsSurplus:description}</div>
	</li>
	<li class="rsform-block rsform-block-yourattitudetomoney">
		<div class="formCaption2">{yourAttitudeToMoney:caption}<strong class="formRequired"><span class="formRed">*</span></strong></div>
		<div class="formBody">{yourAttitudeToMoney:body}<span class="formClr">{yourAttitudeToMoney:validation}</span></div>
		<div class="formDescription">{yourAttitudeToMoney:description}</div>
	</li>
	<li class="rsform-block rsform-block-yourattitudetowardshighereducation">
		<div class="formCaption2">{yourAttitudeTowardsHigherEducation:caption}<strong class="formRequired"><span class="formRed">*</span></strong></div>
		<div class="formBody">{yourAttitudeTowardsHigherEducation:body}<span class="formClr">{yourAttitudeTowardsHigherEducation:validation}</span></div>
		<div class="formDescription">{yourAttitudeTowardsHigherEducation:description}</div>
	</li>
	<li class="rsform-block rsform-block-wars">
		<div class="formCaption2">{wars:caption}<strong class="formRequired"><span class="formRed">*</span></strong></div>
		<div class="formBody">{wars:body}<span class="formClr">{wars:validation}</span></div>
		<div class="formDescription">{wars:description}</div>
	</li>
	<li class="rsform-block rsform-block-theiraqwar">
		<div class="formCaption2">{theIraqWar:caption}<strong class="formRequired"><span class="formRed">*</span></strong></div>
		<div class="formBody">{theIraqWar:body}<span class="formClr">{theIraqWar:validation}</span></div>
		<div class="formDescription">{theIraqWar:description}</div>
	</li>
	<li class="rsform-block rsform-block-presumedterroristsshouldbe">
		<div class="formCaption2">{presumedTerroristsShouldBe:caption}<strong class="formRequired"><span class="formRed">*</span></strong></div>
		<div class="formBody">{presumedTerroristsShouldBe:body}<span class="formClr">{presumedTerroristsShouldBe:validation}</span></div>
		<div class="formDescription">{presumedTerroristsShouldBe:description}</div>
	</li>
	<li class="rsform-block rsform-block-surveillanceinternet">
		<div class="formCaption2">{surveillanceInternet:caption}<strong class="formRequired"><span class="formRed">*</span></strong></div>
		<div class="formBody">{surveillanceInternet:body}<span class="formClr">{surveillanceInternet:validation}</span></div>
		<div class="formDescription">{surveillanceInternet:description}</div>
	</li>
	<li class="rsform-block rsform-block-foreignaid">
		<div class="formCaption2">{foreignAid:caption}<strong class="formRequired"><span class="formRed">*</span></strong></div>
		<div class="formBody">{foreignAid:body}<span class="formClr">{foreignAid:validation}</span></div>
		<div class="formDescription">{foreignAid:description}</div>
	</li>
	<li class="rsform-block rsform-block-immigration">
		<div class="formCaption2">{immigration:caption}<strong class="formRequired"><span class="formRed">*</span></strong></div>
		<div class="formBody">{immigration:body}<span class="formClr">{immigration:validation}</span></div>
		<div class="formDescription">{immigration:description}</div>
	</li>
	<li class="rsform-block rsform-block-drugs">
		<div class="formCaption2">{drugs:caption}<strong class="formRequired"><span class="formRed">*</span></strong></div>
		<div class="formBody">{drugs:body}<span class="formClr">{drugs:validation}</span></div>
		<div class="formDescription">{drugs:description}</div>
	</li>
	<li class="rsform-block rsform-block-gaymarriage">
		<div class="formCaption2">{gayMarriage:caption}<strong class="formRequired"><span class="formRed">*</span></strong></div>
		<div class="formBody">{gayMarriage:body}<span class="formClr">{gayMarriage:validation}</span></div>
		<div class="formDescription">{gayMarriage:description}</div>
	</li>
	<li class="rsform-block rsform-block-guns">
		<div class="formCaption2">{guns:caption}<strong class="formRequired"><span class="formRed">*</span></strong></div>
		<div class="formBody">{guns:body}<span class="formClr">{guns:validation}</span></div>
		<div class="formDescription">{guns:description}</div>
	</li>
	<li class="rsform-block rsform-block-deathpenalty">
		<div class="formCaption2">{deathPenalty:caption}<strong class="formRequired"><span class="formRed">*</span></strong></div>
		<div class="formBody">{deathPenalty:body}<span class="formClr">{deathPenalty:validation}</span></div>
		<div class="formDescription">{deathPenalty:description}</div>
	</li>
	<li class="rsform-block rsform-block-globalisation">
		<div class="formCaption2">{globalisation:caption}<strong class="formRequired"><span class="formRed">*</span></strong></div>
		<div class="formBody">{globalisation:body}<span class="formClr">{globalisation:validation}</span></div>
		<div class="formDescription">{globalisation:description}</div>
	</li>
	<li class="rsform-block rsform-block-whichareprobablytrue">
		<div class="formCaption2">{whichAreProbablyTrue:caption}<strong class="formRequired"><span class="formRed">*</span></strong></div>
		<div class="formBody">{whichAreProbablyTrue:body}<span class="formClr">{whichAreProbablyTrue:validation}</span></div>
		<div class="formDescription">{whichAreProbablyTrue:description}</div>
	</li>
	<li class="rsform-block rsform-block-yourage">
		<div class="formCaption2">{yourAge:caption}<strong class="formRequired"><span class="formRed">*</span></strong></div>
		<div class="formBody">{yourAge:body}<span class="formClr">{yourAge:validation}</span></div>
		<div class="formDescription">{yourAge:description}</div>
	</li>
	<li class="rsform-block rsform-block-gender">
		<div class="formCaption2">{gender:caption}<strong class="formRequired"><span class="formRed">*</span></strong></div>
		<div class="formBody">{gender:body}<span class="formClr">{gender:validation}</span></div>
		<div class="formDescription">{gender:description}</div>
	</li>
	<li class="rsform-block rsform-block-highestlevelofeducation">
		<div class="formCaption2">{highestLevelOfEducation:caption}<strong class="formRequired"><span class="formRed">*</span></strong></div>
		<div class="formBody">{highestLevelOfEducation:body}<span class="formClr">{highestLevelOfEducation:validation}</span></div>
		<div class="formDescription">{highestLevelOfEducation:description}</div>
	</li>
	<li class="rsform-block rsform-block-describeyourself">
		<div class="formCaption2">{describeYourself:caption}<strong class="formRequired"><span class="formRed">*</span></strong></div>
		<div class="formBody">{describeYourself:body}<span class="formClr">{describeYourself:validation}</span></div>
		<div class="formDescription">{describeYourself:description}</div>
	</li>
	<li class="rsform-block rsform-block-nationality">
		<div class="formCaption2">{nationality:caption}<strong class="formRequired"><span class="formRed">*</span></strong></div>
		<div class="formBody">{nationality:body}<span class="formClr">{nationality:validation}</span></div>
		<div class="formDescription">{nationality:description}</div>
	</li>
	<li class="rsform-block rsform-block-emailaddress">
		<div class="formCaption2">{emailaddress:caption}</div>
		<div class="formBody">{emailaddress:body}<span class="formClr">{emailaddress:validation}</span></div>
		<div class="formDescription">{emailaddress:description}</div>
	</li>
	<li class="rsform-block rsform-block-socialmedia">
		<div class="formCaption2">{socialmedia:caption}</div>
		<div class="formBody">{socialmedia:body}<span class="formClr">{socialmedia:validation}</span></div>
		<div class="formDescription">{socialmedia:description}</div>
	</li>
	<li class="rsform-block rsform-block-submit">
		<div class="formCaption2">{submit:caption}</div>
		<div class="formBody">{submit:body}<span class="formClr">{submit:validation}</span></div>
		<div class="formDescription">{submit:description}</div>
	</li>
</ol>
</fieldset>
]]></FormLayout>
<FormLayoutName><![CDATA[2lines-xhtml]]></FormLayoutName>
<FormLayoutAutogenerate>1</FormLayoutAutogenerate>
<CSS></CSS>
<JS></JS>
<FormTitle><![CDATA[Escape the Echo - Political Quiz 1]]></FormTitle>
<ShowFormTitle>0</ShowFormTitle>
<Published>1</Published>
<Lang><![CDATA[en-GB]]></Lang>
<ReturnUrl></ReturnUrl>
<ShowThankyou>1</ShowThankyou>
<Thankyou><![CDATA[<p><strong>Brilliant !  You’re away !</strong></p>
<p></p>
<p>At this rate you’ll soon ‘escape the echo’ and soon enough find yourself thinking with an ever more open and interesting mind !</p>
<p></p>
<p>You’ve now earned your first ten echo coins which will shortly be sent to you,  along with your first all important personalised weekly ‘briefing’ to your email address. With luck, your ‘escape the echo ‘briefing’  will help get the creative juices running if only because it will be purposefully designed to get you consider the very different views of others. </p>
<p></p>
<p>Have fun ! </p>
<p></p>
<p>PS. If you’d like to recommend any friends to join the great escape the echo experiment please just add their names and addresses here and we will be delighted to send them an invitation to the party!</p>

<p><input type="text" name="name" placeholder="Name" />
<p><input type="text" name="name" placeholder="Email Address" />]]></Thankyou>
<ShowContinue>1</ShowContinue>
<UserEmailText></UserEmailText>
<UserEmailTo></UserEmailTo>
<UserEmailCC></UserEmailCC>
<UserEmailBCC></UserEmailBCC>
<UserEmailFrom><![CDATA[{global:mailfrom}]]></UserEmailFrom>
<UserEmailReplyTo></UserEmailReplyTo>
<UserEmailFromName><![CDATA[{global:fromname}]]></UserEmailFromName>
<UserEmailSubject></UserEmailSubject>
<UserEmailMode>1</UserEmailMode>
<UserEmailAttach>0</UserEmailAttach>
<UserEmailAttachFile></UserEmailAttachFile>
<AdminEmailText></AdminEmailText>
<AdminEmailTo></AdminEmailTo>
<AdminEmailCC></AdminEmailCC>
<AdminEmailBCC></AdminEmailBCC>
<AdminEmailFrom></AdminEmailFrom>
<AdminEmailReplyTo></AdminEmailReplyTo>
<AdminEmailFromName></AdminEmailFromName>
<AdminEmailSubject></AdminEmailSubject>
<AdminEmailMode>1</AdminEmailMode>
<ScriptProcess></ScriptProcess>
<ScriptProcess2></ScriptProcess2>
<ScriptDisplay></ScriptDisplay>
<UserEmailScript></UserEmailScript>
<AdminEmailScript></AdminEmailScript>
<AdditionalEmailsScript></AdditionalEmailsScript>
<MetaTitle>0</MetaTitle>
<MetaDesc></MetaDesc>
<MetaKeywords></MetaKeywords>
<Required><![CDATA[<span class="formRed">*</span>]]></Required>
<ErrorMessage><![CDATA[<p class="formRed">Please complete all required fields!</p>]]></ErrorMessage>
<MultipleSeparator><![CDATA[\n]]></MultipleSeparator>
<TextareaNewLines>1</TextareaNewLines>
<CSSClass></CSSClass>
<CSSId><![CDATA[userForm]]></CSSId>
<CSSName></CSSName>
<CSSAction></CSSAction>
<CSSAdditionalAttributes></CSSAdditionalAttributes>
<AjaxValidation>1</AjaxValidation>
<ThemeParams></ThemeParams>
<Keepdata>1</Keepdata>
<KeepIP>1</KeepIP>
<Backendmenu>0</Backendmenu>
<ConfirmSubmission>0</ConfirmSubmission>
<Access></Access>
</structure>
<fields>
<field>
<ComponentTypeId>4</ComponentTypeId>
<Order>4</Order>
<Published>1</Published>
<properties>
<NAME><![CDATA[asSocietyWe]]></NAME>
<CAPTION><![CDATA[As a society we]]></CAPTION>
<ITEMS><![CDATA[keep a healthy distance from our neighbours
don’t try and understand enough the views of those with whom we most disagree
keep a healthy distance from our opponents but stay close to our friends
don’t talk enough with those with whom we disagree
I’m unsure]]></ITEMS>
<DESCRIPTION></DESCRIPTION>
<REQUIRED><![CDATA[YES]]></REQUIRED>
<VALIDATIONMESSAGE><![CDATA[Required]]></VALIDATIONMESSAGE>
<FLOW><![CDATA[VERTICAL]]></FLOW>
<ADDITIONALATTRIBUTES></ADDITIONALATTRIBUTES>
<EMAILATTACH></EMAILATTACH>
</properties>
</field>
<field>
<ComponentTypeId>4</ComponentTypeId>
<Order>3</Order>
<Published>1</Published>
<properties>
<ITEMS><![CDATA[keep negotiating and never consider war as a legitimate option
take care of themselves as best as they know how
keep talking to their opponents even when they are fighting a violent war with them.
accept the limitations of negotiations and move on to fight their corner, by any means necessary
I’m unsure]]></ITEMS>
<CAPTION><![CDATA[When in conflict, all countries in conflict should]]></CAPTION>
<NAME><![CDATA[conflictCountries]]></NAME>
<DESCRIPTION></DESCRIPTION>
<REQUIRED><![CDATA[YES]]></REQUIRED>
<VALIDATIONMESSAGE><![CDATA[Required]]></VALIDATIONMESSAGE>
<FLOW><![CDATA[VERTICAL]]></FLOW>
<ADDITIONALATTRIBUTES></ADDITIONALATTRIBUTES>
<EMAILATTACH></EMAILATTACH>
</properties>
</field>
<field>
<ComponentTypeId>1</ComponentTypeId>
<Order>34</Order>
<Published>1</Published>
<properties>
<EMAILATTACH></EMAILATTACH>
<ADDITIONALATTRIBUTES><![CDATA[placeholder = "Your email"]]></ADDITIONALATTRIBUTES>
<MAXSIZE></MAXSIZE>
<SIZE>20</SIZE>
<VALIDATIONMESSAGE><![CDATA[Invalid Input]]></VALIDATIONMESSAGE>
<VALIDATIONRULE><![CDATA[none]]></VALIDATIONRULE>
<VALIDATIONEXTRA></VALIDATIONEXTRA>
<REQUIRED><![CDATA[NO]]></REQUIRED>
<DESCRIPTION></DESCRIPTION>
<DEFAULTVALUE></DEFAULTVALUE>
<CAPTION><![CDATA[To which email address would you like your personalized results sent?]]></CAPTION>
<NAME><![CDATA[emailaddress]]></NAME>
</properties>
</field>
<field>
<ComponentTypeId>10</ComponentTypeId>
<Order>1</Order>
<Published>1</Published>
<properties>
<NAME><![CDATA[escapetheecho]]></NAME>
<TEXT><![CDATA[Politics and Community]]></TEXT>
<EMAILATTACH></EMAILATTACH>
</properties>
</field>
<field>
<ComponentTypeId>10</ComponentTypeId>
<Order>35</Order>
<Published>1</Published>
<properties>
<EMAILATTACH></EMAILATTACH>
<TEXT><![CDATA[<!-- Go to www.addthis.com/dashboard to customize your tools --> <div class="addthis_inline_share_toolbox"></div>]]></TEXT>
<NAME><![CDATA[socialmedia]]></NAME>
</properties>
</field>
<field>
<ComponentTypeId>10</ComponentTypeId>
<Order>2</Order>
<Published>1</Published>
<properties>
<NAME><![CDATA[introtext]]></NAME>
<TEXT><![CDATA[<p>How open-minded are you to views different to your own ?  Even extremely different ones ?!</p>
<p></p>
<p>To find out;  let’s first try to understand a little about what you think about a few of the big issues.</p>
<p></p>
<p>Please try and answer your questions as quickly as possible, since above all we’d like to know what your ‘gut’ thinks.  And please remember that there is no such thing as a right or wrong answer ! </p>
<p></p>
<p>Enjoy!</p>]]></TEXT>
<EMAILATTACH></EMAILATTACH>
</properties>
</field>
<field>
<ComponentTypeId>4</ComponentTypeId>
<Order>5</Order>
<Published>1</Published>
<properties>
<NAME><![CDATA[presidentTrump]]></NAME>
<CAPTION><![CDATA[President Trump]]></CAPTION>
<ITEMS><![CDATA[offers us all hope for a better future
is the worst choice America could have chosen for itself and the world
is mad and dangerous
is no worse or better than any other politician
I’m unsure]]></ITEMS>
<DESCRIPTION></DESCRIPTION>
<REQUIRED><![CDATA[YES]]></REQUIRED>
<VALIDATIONMESSAGE><![CDATA[Required]]></VALIDATIONMESSAGE>
<FLOW><![CDATA[VERTICAL]]></FLOW>
<ADDITIONALATTRIBUTES></ADDITIONALATTRIBUTES>
<EMAILATTACH></EMAILATTACH>
</properties>
</field>
<field>
<ComponentTypeId>4</ComponentTypeId>
<Order>6</Order>
<Published>1</Published>
<properties>
<NAME><![CDATA[education]]></NAME>
<CAPTION><![CDATA[Education]]></CAPTION>
<ITEMS><![CDATA[should be a matter for parents to decide, and not the government
should be guaranteed only up to the age of sixteen, since after that it has questionable value
should include free higher education up to the age of twenty-one
is a continuous process and should be available at no cost for all our lives
is less important than free medical care
I’m unsure]]></ITEMS>
<DESCRIPTION></DESCRIPTION>
<REQUIRED><![CDATA[YES]]></REQUIRED>
<VALIDATIONMESSAGE><![CDATA[Required]]></VALIDATIONMESSAGE>
<FLOW><![CDATA[VERTICAL]]></FLOW>
<ADDITIONALATTRIBUTES></ADDITIONALATTRIBUTES>
<EMAILATTACH></EMAILATTACH>
</properties>
</field>
<field>
<ComponentTypeId>4</ComponentTypeId>
<Order>7</Order>
<Published>1</Published>
<properties>
<NAME><![CDATA[taxesShouldBe]]></NAME>
<CAPTION><![CDATA[Taxes should be]]></CAPTION>
<ITEMS><![CDATA[as low as possible
set at a fixed rate which is the same for everyone
progressively higher as we earn more 
as high as possible on the rich
just accepted as they are
I’m unsure]]></ITEMS>
<DESCRIPTION></DESCRIPTION>
<REQUIRED><![CDATA[YES]]></REQUIRED>
<VALIDATIONMESSAGE><![CDATA[Required]]></VALIDATIONMESSAGE>
<FLOW><![CDATA[VERTICAL]]></FLOW>
<ADDITIONALATTRIBUTES></ADDITIONALATTRIBUTES>
<EMAILATTACH></EMAILATTACH>
</properties>
</field>
<field>
<ComponentTypeId>4</ComponentTypeId>
<Order>8</Order>
<Published>1</Published>
<properties>
<NAME><![CDATA[guaranteedHealthcare]]></NAME>
<CAPTION><![CDATA[Guaranteed healthcare]]></CAPTION>
<ITEMS><![CDATA[should be a human right in any country from cradle to grave, whatever your wealth
is already provided by the best system in the world
Is a luxury that we can no longer afford
should be provided by way of a privatised health service
should not be provided to those who choose to smoke heavily
should only be provided to the poor
I’m unsure]]></ITEMS>
<DESCRIPTION></DESCRIPTION>
<REQUIRED><![CDATA[YES]]></REQUIRED>
<VALIDATIONMESSAGE><![CDATA[Required]]></VALIDATIONMESSAGE>
<FLOW><![CDATA[VERTICAL]]></FLOW>
<ADDITIONALATTRIBUTES></ADDITIONALATTRIBUTES>
<EMAILATTACH></EMAILATTACH>
</properties>
</field>
<field>
<ComponentTypeId>4</ComponentTypeId>
<Order>9</Order>
<Published>1</Published>
<properties>
<NAME><![CDATA[globalWarming]]></NAME>
<CAPTION><![CDATA[Global Warming]]></CAPTION>
<ITEMS><![CDATA[is a huge threat to our future survival and largely caused by mankind
is potentially dangerous, but for now is not a serious problem
may not be the result of human activity, but still poses a threat
is an invention of those with vested interests
is a myth because I can personally testify that the world is actually getting colder
I’m unsure]]></ITEMS>
<DESCRIPTION></DESCRIPTION>
<REQUIRED><![CDATA[YES]]></REQUIRED>
<VALIDATIONMESSAGE><![CDATA[Required]]></VALIDATIONMESSAGE>
<FLOW><![CDATA[VERTICAL]]></FLOW>
<ADDITIONALATTRIBUTES></ADDITIONALATTRIBUTES>
<EMAILATTACH></EMAILATTACH>
</properties>
</field>
<field>
<ComponentTypeId>4</ComponentTypeId>
<Order>10</Order>
<Published>1</Published>
<properties>
<NAME><![CDATA[nuclearEnergy]]></NAME>
<CAPTION><![CDATA[Nuclear energy]]></CAPTION>
<ITEMS><![CDATA[is incredibly dangerous and should never be employed
has been proven to be very safe
shouldn’t be used unless it becomes much cheaper
offers a miraculous opportunity to create almost unlimited electricity for nearly nothing
is not without its dangers but is a vital part of the fight against global warming
I am unsure]]></ITEMS>
<DESCRIPTION></DESCRIPTION>
<REQUIRED><![CDATA[YES]]></REQUIRED>
<VALIDATIONMESSAGE><![CDATA[Required]]></VALIDATIONMESSAGE>
<FLOW><![CDATA[VERTICAL]]></FLOW>
<ADDITIONALATTRIBUTES></ADDITIONALATTRIBUTES>
<EMAILATTACH></EMAILATTACH>
</properties>
</field>
<field>
<ComponentTypeId>4</ComponentTypeId>
<Order>11</Order>
<Published>1</Published>
<properties>
<NAME><![CDATA[geneticallyModifiedCrops]]></NAME>
<CAPTION><![CDATA[Genetically modified crops and foods]]></CAPTION>
<ITEMS><![CDATA[have proven to be very safe
will always be very dangerous to our biosphere and should be banned everywhere
could provide high quality food for everyone and end famine forever
should be subject to further cautious experimentation before being made available to everyone
is in the hands of large companies who are controlling the debate
I am unsure]]></ITEMS>
<DESCRIPTION></DESCRIPTION>
<REQUIRED><![CDATA[YES]]></REQUIRED>
<VALIDATIONMESSAGE><![CDATA[Required]]></VALIDATIONMESSAGE>
<FLOW><![CDATA[VERTICAL]]></FLOW>
<ADDITIONALATTRIBUTES></ADDITIONALATTRIBUTES>
<EMAILATTACH></EMAILATTACH>
</properties>
</field>
<field>
<ComponentTypeId>4</ComponentTypeId>
<Order>12</Order>
<Published>1</Published>
<properties>
<NAME><![CDATA[financialSupportForTheUnemployed]]></NAME>
<CAPTION><![CDATA[Financial support for the unemployed]]></CAPTION>
<ITEMS><![CDATA[should only be available for a limited time after someone loses their job
should be available only for those with dependent children
should not exist because nobody owes anyone anything
should always be available as a safety net for anyone unable to properly look after themselves
should be just for the unemployed who can prove that they are trying their hardest to find a job
I’m unsure]]></ITEMS>
<DESCRIPTION></DESCRIPTION>
<REQUIRED><![CDATA[YES]]></REQUIRED>
<VALIDATIONMESSAGE><![CDATA[Required]]></VALIDATIONMESSAGE>
<FLOW><![CDATA[VERTICAL]]></FLOW>
<ADDITIONALATTRIBUTES></ADDITIONALATTRIBUTES>
<EMAILATTACH></EMAILATTACH>
</properties>
</field>
<field>
<ComponentTypeId>4</ComponentTypeId>
<Order>13</Order>
<Published>1</Published>
<properties>
<NAME><![CDATA[theHomeless]]></NAME>
<CAPTION><![CDATA[The homeless]]></CAPTION>
<ITEMS><![CDATA[are that way by choice
are mostly mentally ill
are that way because they can't afford housing
should just get themselves a job 
should be provided with adequate housing and support
I’m unsure]]></ITEMS>
<DESCRIPTION></DESCRIPTION>
<REQUIRED><![CDATA[YES]]></REQUIRED>
<VALIDATIONMESSAGE><![CDATA[Required]]></VALIDATIONMESSAGE>
<FLOW><![CDATA[VERTICAL]]></FLOW>
<ADDITIONALATTRIBUTES></ADDITIONALATTRIBUTES>
<EMAILATTACH></EMAILATTACH>
</properties>
</field>
<field>
<ComponentTypeId>4</ComponentTypeId>
<Order>14</Order>
<Published>1</Published>
<properties>
<NAME><![CDATA[governmentSuddenlyEarnsSurplus]]></NAME>
<CAPTION><![CDATA[If the government suddenly earns a surplus, should we]]></CAPTION>
<ITEMS><![CDATA[cut taxes because it's our money
restore services that were cut and fund new initiatives
save the surplus for a rainy day
cut taxes and improve services a little
I’m unsure]]></ITEMS>
<DESCRIPTION></DESCRIPTION>
<REQUIRED><![CDATA[YES]]></REQUIRED>
<VALIDATIONMESSAGE><![CDATA[Required]]></VALIDATIONMESSAGE>
<FLOW><![CDATA[VERTICAL]]></FLOW>
<ADDITIONALATTRIBUTES></ADDITIONALATTRIBUTES>
<EMAILATTACH></EMAILATTACH>
</properties>
</field>
<field>
<ComponentTypeId>4</ComponentTypeId>
<Order>15</Order>
<Published>1</Published>
<properties>
<NAME><![CDATA[yourAttitudeToMoney]]></NAME>
<CAPTION><![CDATA[Which of the following best describes your attitude to money]]></CAPTION>
<ITEMS><![CDATA[Spending money on a problem rarely improves it
Spending money on a problem may not always solve a problem, but not spending money on a problem will never solve it
Spend money when necessary, but lower costs first
I don't care if you solve the problem or not. Just don't raise my taxes.
The government should only spend money on national security and law enforcement
I’m unsure]]></ITEMS>
<DESCRIPTION></DESCRIPTION>
<REQUIRED><![CDATA[YES]]></REQUIRED>
<VALIDATIONMESSAGE><![CDATA[Required]]></VALIDATIONMESSAGE>
<FLOW><![CDATA[VERTICAL]]></FLOW>
<ADDITIONALATTRIBUTES></ADDITIONALATTRIBUTES>
<EMAILATTACH></EMAILATTACH>
</properties>
</field>
<field>
<ComponentTypeId>4</ComponentTypeId>
<Order>16</Order>
<Published>1</Published>
<properties>
<NAME><![CDATA[yourAttitudeTowardsHigherEducation]]></NAME>
<CAPTION><![CDATA[Which best describes your attitude towards higher education]]></CAPTION>
<ITEMS><![CDATA[It should be a guaranteed human right for all and free.
It should be affordable for everyone to pay according to their means.
Nobody owes you anything.  Students should get a job and finance it themselves
More often than not, higher education is a total waste of money
I’m unsure]]></ITEMS>
<DESCRIPTION></DESCRIPTION>
<REQUIRED><![CDATA[YES]]></REQUIRED>
<VALIDATIONMESSAGE><![CDATA[Required]]></VALIDATIONMESSAGE>
<FLOW><![CDATA[VERTICAL]]></FLOW>
<ADDITIONALATTRIBUTES></ADDITIONALATTRIBUTES>
<EMAILATTACH></EMAILATTACH>
</properties>
</field>
<field>
<ComponentTypeId>4</ComponentTypeId>
<Order>17</Order>
<Published>1</Published>
<properties>
<NAME><![CDATA[wars]]></NAME>
<CAPTION><![CDATA[Wars]]></CAPTION>
<ITEMS><![CDATA[should only be fought when we are directly attacked
should only be fought when we or our allies are attacked
should only be fought for humanitarian reasons, if the alternative will result in a greater loss of life
should only be fought when it is in our economic interests
should never be fought
I’m unsure]]></ITEMS>
<DESCRIPTION></DESCRIPTION>
<REQUIRED><![CDATA[YES]]></REQUIRED>
<VALIDATIONMESSAGE><![CDATA[Required]]></VALIDATIONMESSAGE>
<FLOW><![CDATA[VERTICAL]]></FLOW>
<ADDITIONALATTRIBUTES></ADDITIONALATTRIBUTES>
<EMAILATTACH></EMAILATTACH>
</properties>
</field>
<field>
<ComponentTypeId>4</ComponentTypeId>
<Order>18</Order>
<Published>1</Published>
<properties>
<NAME><![CDATA[theIraqWar]]></NAME>
<CAPTION><![CDATA[The Iraq War]]></CAPTION>
<ITEMS><![CDATA[was immoral because there were no ‘weapons of mass destruction’ and Iraq had nothing to do with the attacks of September 11, 2001
was defensible because Saddam Hussein being removed was a good thing, even if they weren’t  ‘weapons of mass destruction’
got rid of Saddam Hussein which was a good thing but not worth the deaths resulting from the war
was a good war badly executed
was a cynical manoeuvre to get control of the oil there 
I’m unsure]]></ITEMS>
<DESCRIPTION></DESCRIPTION>
<REQUIRED><![CDATA[YES]]></REQUIRED>
<VALIDATIONMESSAGE><![CDATA[Required]]></VALIDATIONMESSAGE>
<FLOW><![CDATA[VERTICAL]]></FLOW>
<ADDITIONALATTRIBUTES></ADDITIONALATTRIBUTES>
<EMAILATTACH></EMAILATTACH>
</properties>
</field>
<field>
<ComponentTypeId>4</ComponentTypeId>
<Order>19</Order>
<Published>1</Published>
<properties>
<NAME><![CDATA[presumedTerroristsShouldBe]]></NAME>
<CAPTION><![CDATA[Presumed terrorists should be]]></CAPTION>
<ITEMS><![CDATA[tortured when necessary to get vital information
kept and prosecuted in a different territory - like Guantanamo 
given a fair trial by the country that arrested them, since everyone is innocent until proven guilty.
should be executed if found guilty
should not be imprisoned until they are found guilty
I’m unsure]]></ITEMS>
<DESCRIPTION></DESCRIPTION>
<REQUIRED><![CDATA[YES]]></REQUIRED>
<VALIDATIONMESSAGE><![CDATA[Required]]></VALIDATIONMESSAGE>
<FLOW><![CDATA[VERTICAL]]></FLOW>
<ADDITIONALATTRIBUTES></ADDITIONALATTRIBUTES>
<EMAILATTACH></EMAILATTACH>
</properties>
</field>
<field>
<ComponentTypeId>4</ComponentTypeId>
<Order>20</Order>
<Published>1</Published>
<properties>
<NAME><![CDATA[surveillanceInternet]]></NAME>
<CAPTION><![CDATA[Surveillance of our use of the internet]]></CAPTION>
<ITEMS><![CDATA[is something that should never be allowed
is something that should only be allowed with permission of a judge
is a fact of life in this age of terrorism
is something that only the guilty should worry about
I’m unsure]]></ITEMS>
<DESCRIPTION></DESCRIPTION>
<REQUIRED><![CDATA[YES]]></REQUIRED>
<VALIDATIONMESSAGE><![CDATA[Required]]></VALIDATIONMESSAGE>
<FLOW><![CDATA[VERTICAL]]></FLOW>
<ADDITIONALATTRIBUTES></ADDITIONALATTRIBUTES>
<EMAILATTACH></EMAILATTACH>
</properties>
</field>
<field>
<ComponentTypeId>4</ComponentTypeId>
<Order>21</Order>
<Published>1</Published>
<properties>
<NAME><![CDATA[foreignAid]]></NAME>
<CAPTION><![CDATA[Foreign aid]]></CAPTION>
<ITEMS><![CDATA[is the plaything of ‘the politically correct elites’ and should be stopped entirely before it bankrupts us
should be continued if it is no more than one percent of our national income
should be continued if it is no more than ten percent of our national income
now represents nearly a quarter of our national income and needs to be slashed
is something we should all be proud of and should be actually increased because it contributes to a more peaceful and fairer world
I’m unsure]]></ITEMS>
<DESCRIPTION></DESCRIPTION>
<REQUIRED><![CDATA[YES]]></REQUIRED>
<VALIDATIONMESSAGE><![CDATA[Required]]></VALIDATIONMESSAGE>
<FLOW><![CDATA[VERTICAL]]></FLOW>
<ADDITIONALATTRIBUTES></ADDITIONALATTRIBUTES>
<EMAILATTACH></EMAILATTACH>
</properties>
</field>
<field>
<ComponentTypeId>4</ComponentTypeId>
<Order>22</Order>
<Published>1</Published>
<properties>
<NAME><![CDATA[immigration]]></NAME>
<CAPTION><![CDATA[Immigration]]></CAPTION>
<ITEMS><![CDATA[must be stopped immediately and totally
can only be allowed on a ‘one-in / one out’ basis
should only be allowed for those fleeing persecution and conflict
is a vital part of our economy and our future
is now happening in about the right numbers
should be allowed for everyone.  All national borders should be removed
I’m unsure]]></ITEMS>
<DESCRIPTION></DESCRIPTION>
<REQUIRED><![CDATA[YES]]></REQUIRED>
<VALIDATIONMESSAGE><![CDATA[Required]]></VALIDATIONMESSAGE>
<FLOW><![CDATA[VERTICAL]]></FLOW>
<ADDITIONALATTRIBUTES></ADDITIONALATTRIBUTES>
<EMAILATTACH></EMAILATTACH>
</properties>
</field>
<field>
<ComponentTypeId>4</ComponentTypeId>
<Order>23</Order>
<Published>1</Published>
<properties>
<NAME><![CDATA[drugs]]></NAME>
<CAPTION><![CDATA[Drugs]]></CAPTION>
<ITEMS><![CDATA[should in the case of marijuana be legalised
should continue to be prohibited as they are now
should be subject to much harder penalties in a final effort to stamp them out 
should all be legal, and the government should only be concerned about impurities in the drugs, and taxing them
kill less people than alcohol and addicts should be treated like alcoholics
should be legal for possession but not for dealing
I’m unsure]]></ITEMS>
<DESCRIPTION></DESCRIPTION>
<REQUIRED><![CDATA[YES]]></REQUIRED>
<VALIDATIONMESSAGE><![CDATA[Required]]></VALIDATIONMESSAGE>
<FLOW><![CDATA[VERTICAL]]></FLOW>
<ADDITIONALATTRIBUTES></ADDITIONALATTRIBUTES>
<EMAILATTACH></EMAILATTACH>
</properties>
</field>
<field>
<ComponentTypeId>4</ComponentTypeId>
<Order>24</Order>
<Published>1</Published>
<properties>
<NAME><![CDATA[gayMarriage]]></NAME>
<CAPTION><![CDATA[Gay Marriage]]></CAPTION>
<ITEMS><![CDATA[should be legal is a matter of fairness and civil rights
should never be legal
should be defined only as a union between a man and a woman.  Civil unions and domestic partnerships are the right way forward for gay couples
are like heterosexual unions purely a matter of personal choice and should have nothing to do with government policy
I’m unsure]]></ITEMS>
<DESCRIPTION></DESCRIPTION>
<REQUIRED><![CDATA[YES]]></REQUIRED>
<VALIDATIONMESSAGE><![CDATA[Required]]></VALIDATIONMESSAGE>
<FLOW><![CDATA[VERTICAL]]></FLOW>
<ADDITIONALATTRIBUTES></ADDITIONALATTRIBUTES>
<EMAILATTACH></EMAILATTACH>
</properties>
</field>
<field>
<ComponentTypeId>4</ComponentTypeId>
<Order>25</Order>
<Published>1</Published>
<properties>
<NAME><![CDATA[guns]]></NAME>
<CAPTION><![CDATA[Guns]]></CAPTION>
<ITEMS><![CDATA[don't kill people, people kill people
having nothing to do with civil liberties and everything to do with the right not to be murdered
are a painful fact of life, and criminals will always find a way of obtaining them, which is why we should all have the right to bear arms
should be available to all, so long as they can qualify for a license which needs to be much harder to get
I’m not sure]]></ITEMS>
<DESCRIPTION></DESCRIPTION>
<REQUIRED><![CDATA[YES]]></REQUIRED>
<VALIDATIONMESSAGE><![CDATA[Required]]></VALIDATIONMESSAGE>
<FLOW><![CDATA[VERTICAL]]></FLOW>
<ADDITIONALATTRIBUTES></ADDITIONALATTRIBUTES>
<EMAILATTACH></EMAILATTACH>
</properties>
</field>
<field>
<ComponentTypeId>4</ComponentTypeId>
<Order>26</Order>
<Published>1</Published>
<properties>
<NAME><![CDATA[deathPenalty]]></NAME>
<CAPTION><![CDATA[The death penalty]]></CAPTION>
<ITEMS><![CDATA[should always be given for pre-meditated murder
is state sanctioned murder and should be forbidden by all civilised societies
should only be permitted in cases of mass murder and terror
should be banned because our legal system is always going to be fallible, and you can’t bring people back from the dead
I’m unsure]]></ITEMS>
<DESCRIPTION></DESCRIPTION>
<REQUIRED><![CDATA[YES]]></REQUIRED>
<VALIDATIONMESSAGE><![CDATA[Required]]></VALIDATIONMESSAGE>
<FLOW><![CDATA[VERTICAL]]></FLOW>
<ADDITIONALATTRIBUTES></ADDITIONALATTRIBUTES>
<EMAILATTACH></EMAILATTACH>
</properties>
</field>
<field>
<ComponentTypeId>4</ComponentTypeId>
<Order>27</Order>
<Published>1</Published>
<properties>
<NAME><![CDATA[globalisation]]></NAME>
<CAPTION><![CDATA[Globalisation]]></CAPTION>
<ITEMS><![CDATA[is unstoppable and a force for the good
is deeply destructive and should be slowed down or stopped
causes only unemployment by destroying local industries
results in the consumer having a bigger, better and cheaper choice of goods
I’m unsure]]></ITEMS>
<DESCRIPTION></DESCRIPTION>
<REQUIRED><![CDATA[YES]]></REQUIRED>
<VALIDATIONMESSAGE><![CDATA[Required]]></VALIDATIONMESSAGE>
<FLOW><![CDATA[VERTICAL]]></FLOW>
<ADDITIONALATTRIBUTES></ADDITIONALATTRIBUTES>
<EMAILATTACH></EMAILATTACH>
</properties>
</field>
<field>
<ComponentTypeId>4</ComponentTypeId>
<Order>28</Order>
<Published>1</Published>
<properties>
<NAME><![CDATA[whichAreProbablyTrue]]></NAME>
<CAPTION><![CDATA[Which of the following are probably true]]></CAPTION>
<ITEMS><![CDATA[humans never landed on the moon.
Obama is an African born Muslim.
the attacks on the World Trade Center was an inside job by the Bush administration.
the world is controlled by a shadow government of industrialists and secret society members
large corporations and the extremely wealthy conspire to help governments friendly to their needs and hurt those hostile to them
vaccines are useless and just a way of drug companies to keep their profits
aliens landed in Roswell and most technology developed since then such as computers, are the product of alien knowledge.
none of them]]></ITEMS>
<DESCRIPTION></DESCRIPTION>
<REQUIRED><![CDATA[YES]]></REQUIRED>
<VALIDATIONMESSAGE><![CDATA[Required]]></VALIDATIONMESSAGE>
<FLOW><![CDATA[VERTICAL]]></FLOW>
<ADDITIONALATTRIBUTES></ADDITIONALATTRIBUTES>
<EMAILATTACH></EMAILATTACH>
</properties>
</field>
<field>
<ComponentTypeId>4</ComponentTypeId>
<Order>29</Order>
<Published>1</Published>
<properties>
<NAME><![CDATA[yourAge]]></NAME>
<CAPTION><![CDATA[Which category below includes your age ?]]></CAPTION>
<ITEMS><![CDATA[18 or younger
18 - 20
21 - 29
30 - 39
40 - 49
50 - 59
60 or older]]></ITEMS>
<DESCRIPTION></DESCRIPTION>
<REQUIRED><![CDATA[YES]]></REQUIRED>
<VALIDATIONMESSAGE><![CDATA[Required]]></VALIDATIONMESSAGE>
<FLOW><![CDATA[VERTICAL]]></FLOW>
<ADDITIONALATTRIBUTES></ADDITIONALATTRIBUTES>
<EMAILATTACH></EMAILATTACH>
</properties>
</field>
<field>
<ComponentTypeId>4</ComponentTypeId>
<Order>30</Order>
<Published>1</Published>
<properties>
<NAME><![CDATA[gender]]></NAME>
<CAPTION><![CDATA[Your gender]]></CAPTION>
<ITEMS><![CDATA[Female
Male
I’d prefer not to say]]></ITEMS>
<DESCRIPTION></DESCRIPTION>
<REQUIRED><![CDATA[YES]]></REQUIRED>
<VALIDATIONMESSAGE><![CDATA[Required]]></VALIDATIONMESSAGE>
<FLOW><![CDATA[VERTICAL]]></FLOW>
<ADDITIONALATTRIBUTES></ADDITIONALATTRIBUTES>
<EMAILATTACH></EMAILATTACH>
</properties>
</field>
<field>
<ComponentTypeId>4</ComponentTypeId>
<Order>31</Order>
<Published>1</Published>
<properties>
<NAME><![CDATA[highestLevelOfEducation]]></NAME>
<CAPTION><![CDATA[What is the highest level of education that you have completed]]></CAPTION>
<ITEMS><![CDATA[some high / secondary school
graduated from high / secondary school
some university / college studies
university / college degree
post graduate degree or higher]]></ITEMS>
<DESCRIPTION></DESCRIPTION>
<REQUIRED><![CDATA[YES]]></REQUIRED>
<VALIDATIONMESSAGE><![CDATA[Required]]></VALIDATIONMESSAGE>
<FLOW><![CDATA[VERTICAL]]></FLOW>
<ADDITIONALATTRIBUTES></ADDITIONALATTRIBUTES>
<EMAILATTACH></EMAILATTACH>
</properties>
</field>
<field>
<ComponentTypeId>4</ComponentTypeId>
<Order>32</Order>
<Published>1</Published>
<properties>
<NAME><![CDATA[describeYourself]]></NAME>
<CAPTION><![CDATA[Would you describe yourself as]]></CAPTION>
<ITEMS><![CDATA[extremely liberal
moderately liberal
slightly liberal
slightly conservative
moderately conservative
extremely conservative
a libertarian
an anarchist]]></ITEMS>
<DESCRIPTION></DESCRIPTION>
<REQUIRED><![CDATA[YES]]></REQUIRED>
<VALIDATIONMESSAGE><![CDATA[Required]]></VALIDATIONMESSAGE>
<FLOW><![CDATA[VERTICAL]]></FLOW>
<ADDITIONALATTRIBUTES></ADDITIONALATTRIBUTES>
<EMAILATTACH></EMAILATTACH>
</properties>
</field>
<field>
<ComponentTypeId>4</ComponentTypeId>
<Order>33</Order>
<Published>1</Published>
<properties>
<NAME><![CDATA[nationality]]></NAME>
<CAPTION><![CDATA[by nationality are you from]]></CAPTION>
<ITEMS><![CDATA[the United States
the United Kingdom
Canada
Australia
New Zealand
a country within the European Community (other than the United Kingdom)
another country in Europe
another country in Asia
another country in Africa
another country in Asia
none of the above]]></ITEMS>
<DESCRIPTION></DESCRIPTION>
<REQUIRED><![CDATA[YES]]></REQUIRED>
<VALIDATIONMESSAGE><![CDATA[Required]]></VALIDATIONMESSAGE>
<FLOW><![CDATA[VERTICAL]]></FLOW>
<ADDITIONALATTRIBUTES></ADDITIONALATTRIBUTES>
<EMAILATTACH></EMAILATTACH>
</properties>
</field>
<field>
<ComponentTypeId>1</ComponentTypeId>
<Order>36</Order>
<Published>0</Published>
<properties>
<NAME><![CDATA[facebookTwitter]]></NAME>
<CAPTION><![CDATA[Facebook / Twitter]]></CAPTION>
<DEFAULTVALUE></DEFAULTVALUE>
<DESCRIPTION></DESCRIPTION>
<REQUIRED><![CDATA[YES]]></REQUIRED>
<VALIDATIONEXTRA></VALIDATIONEXTRA>
<VALIDATIONRULE><![CDATA[none]]></VALIDATIONRULE>
<VALIDATIONMESSAGE><![CDATA[Required]]></VALIDATIONMESSAGE>
<SIZE>20</SIZE>
<MAXSIZE></MAXSIZE>
<ADDITIONALATTRIBUTES><![CDATA[placeholder="Your Answer"]]></ADDITIONALATTRIBUTES>
<EMAILATTACH></EMAILATTACH>
</properties>
</field>
<field>
<ComponentTypeId>5</ComponentTypeId>
<Order>37</Order>
<Published>0</Published>
<properties>
<NAME><![CDATA[echoCoinsStart]]></NAME>
<CAPTION><![CDATA[Echo coins start ?]]></CAPTION>
<ITEMS><![CDATA[Yes
No]]></ITEMS>
<DESCRIPTION></DESCRIPTION>
<REQUIRED><![CDATA[YES]]></REQUIRED>
<VALIDATIONMESSAGE><![CDATA[Required]]></VALIDATIONMESSAGE>
<FLOW><![CDATA[VERTICAL]]></FLOW>
<ADDITIONALATTRIBUTES></ADDITIONALATTRIBUTES>
<EMAILATTACH></EMAILATTACH>
</properties>
</field>
<field>
<ComponentTypeId>5</ComponentTypeId>
<Order>38</Order>
<Published>0</Published>
<properties>
<NAME><![CDATA[recommendSameTestToFriends]]></NAME>
<CAPTION><![CDATA[Opportunity to recommend same test to friends ?]]></CAPTION>
<ITEMS><![CDATA[Yes
No]]></ITEMS>
<DESCRIPTION></DESCRIPTION>
<REQUIRED><![CDATA[YES]]></REQUIRED>
<VALIDATIONMESSAGE><![CDATA[Required]]></VALIDATIONMESSAGE>
<FLOW><![CDATA[VERTICAL]]></FLOW>
<ADDITIONALATTRIBUTES></ADDITIONALATTRIBUTES>
<EMAILATTACH></EMAILATTACH>
</properties>
</field>
<field>
<ComponentTypeId>13</ComponentTypeId>
<Order>39</Order>
<Published>1</Published>
<properties>
<NAME><![CDATA[submit]]></NAME>
<LABEL><![CDATA[Submit]]></LABEL>
<CAPTION></CAPTION>
<RESET><![CDATA[NO]]></RESET>
<RESETLABEL></RESETLABEL>
<DISPLAYPROGRESSMSG><![CDATA[<div>
 <p><em>Page <strong>{page}</strong> of {total}</em></p>
 <div class="rsformProgressContainer">
  <div class="rsformProgressBar" style="width: {percent}%;"></div>
 </div>
</div>]]></DISPLAYPROGRESSMSG>
<PREVBUTTON><![CDATA[PREV]]></PREVBUTTON>
<DISPLAYPROGRESS><![CDATA[YES]]></DISPLAYPROGRESS>
<BUTTONTYPE><![CDATA[TYPEBUTTON]]></BUTTONTYPE>
<ADDITIONALATTRIBUTES></ADDITIONALATTRIBUTES>
<EMAILATTACH></EMAILATTACH>
</properties>
</field>
</fields>
<post>
<enabled>0</enabled>
<method>1</method>
<silent>1</silent>
<url><![CDATA[http://]]></url>
</post>
</form>
