<?xml version="1.0" encoding="utf-8"?>
<submissions>
<submission>
<DateSubmitted><![CDATA[2016-12-22 19:36:39]]></DateSubmitted>
<UserIp><![CDATA[112.210.110.19]]></UserIp>
<Username></Username>
<UserId>0</UserId>
<Lang><![CDATA[en-GB]]></Lang>
<confirmed>1</confirmed>
<values>
<value>
<fieldname><![CDATA[conflictCountries]]></fieldname>
<fieldvalue><![CDATA[keep negotiating and never consider war as a legitimate option]]></fieldvalue>
</value>
<value>
<fieldname><![CDATA[asSocietyWe]]></fieldname>
<fieldvalue><![CDATA[keep a healthy distance from our neighbours]]></fieldvalue>
</value>
<value>
<fieldname><![CDATA[presidentTrump]]></fieldname>
<fieldvalue><![CDATA[offers us all hope for a better future]]></fieldvalue>
</value>
<value>
<fieldname><![CDATA[education]]></fieldname>
<fieldvalue><![CDATA[should be a matter for parents to decide, and not the government]]></fieldvalue>
</value>
<value>
<fieldname><![CDATA[taxesShouldBe]]></fieldname>
<fieldvalue><![CDATA[as low as possible]]></fieldvalue>
</value>
<value>
<fieldname><![CDATA[guaranteedHealthcare]]></fieldname>
<fieldvalue><![CDATA[should be a human right in any country from cradle to grave, whatever your wealth]]></fieldvalue>
</value>
<value>
<fieldname><![CDATA[globalWarming]]></fieldname>
<fieldvalue><![CDATA[is a huge threat to our future survival and largely caused by mankind]]></fieldvalue>
</value>
<value>
<fieldname><![CDATA[nuclearEnergy]]></fieldname>
<fieldvalue><![CDATA[is incredibly dangerous and should never be employed]]></fieldvalue>
</value>
<value>
<fieldname><![CDATA[geneticallyModifiedCrops]]></fieldname>
<fieldvalue><![CDATA[have proven to be very safe]]></fieldvalue>
</value>
<value>
<fieldname><![CDATA[financialSupportForTheUnemployed]]></fieldname>
<fieldvalue><![CDATA[should only be available for a limited time after someone loses their job]]></fieldvalue>
</value>
<value>
<fieldname><![CDATA[theHomeless]]></fieldname>
<fieldvalue><![CDATA[are that way by choice]]></fieldvalue>
</value>
<value>
<fieldname><![CDATA[governmentSuddenlyEarnsSurplus]]></fieldname>
<fieldvalue><![CDATA[cut taxes because it's our money]]></fieldvalue>
</value>
<value>
<fieldname><![CDATA[yourAttitudeToMoney]]></fieldname>
<fieldvalue><![CDATA[Spending money on a problem rarely improves it]]></fieldvalue>
</value>
<value>
<fieldname><![CDATA[yourAttitudeTowardsHigherEducation]]></fieldname>
<fieldvalue><![CDATA[It should be a guaranteed human right for all and free.]]></fieldvalue>
</value>
<value>
<fieldname><![CDATA[wars]]></fieldname>
<fieldvalue><![CDATA[should only be fought when we are directly attacked]]></fieldvalue>
</value>
<value>
<fieldname><![CDATA[theIraqWar]]></fieldname>
<fieldvalue><![CDATA[was immoral because there were no ‘weapons of mass destruction’ and Iraq had nothing to do with the attacks of September 11, 2001]]></fieldvalue>
</value>
<value>
<fieldname><![CDATA[presumedTerroristsShouldBe]]></fieldname>
<fieldvalue><![CDATA[tortured when necessary to get vital information]]></fieldvalue>
</value>
<value>
<fieldname><![CDATA[surveillanceInternet]]></fieldname>
<fieldvalue><![CDATA[is something that should never be allowed]]></fieldvalue>
</value>
<value>
<fieldname><![CDATA[foreignAid]]></fieldname>
<fieldvalue><![CDATA[is the plaything of ‘the politically correct elites’ and should be stopped entirely before it bankrupts us]]></fieldvalue>
</value>
<value>
<fieldname><![CDATA[immigration]]></fieldname>
<fieldvalue><![CDATA[must be stopped immediately and totally]]></fieldvalue>
</value>
<value>
<fieldname><![CDATA[drugs]]></fieldname>
<fieldvalue><![CDATA[should in the case of marijuana be legalised]]></fieldvalue>
</value>
<value>
<fieldname><![CDATA[gayMarriage]]></fieldname>
<fieldvalue><![CDATA[should be legal is a matter of fairness and civil rights
are like heterosexual unions purely a matter of personal choice and should have nothing to do with government policy]]></fieldvalue>
</value>
<value>
<fieldname><![CDATA[guns]]></fieldname>
<fieldvalue><![CDATA[don't kill people, people kill people]]></fieldvalue>
</value>
<value>
<fieldname><![CDATA[deathPenalty]]></fieldname>
<fieldvalue><![CDATA[should always be given for pre-meditated murder]]></fieldvalue>
</value>
<value>
<fieldname><![CDATA[globalisation]]></fieldname>
<fieldvalue><![CDATA[is unstoppable and a force for the good]]></fieldvalue>
</value>
<value>
<fieldname><![CDATA[whichAreProbablyTrue]]></fieldname>
<fieldvalue><![CDATA[humans never landed on the moon.]]></fieldvalue>
</value>
<value>
<fieldname><![CDATA[yourAge]]></fieldname>
<fieldvalue><![CDATA[18 or younger]]></fieldvalue>
</value>
<value>
<fieldname><![CDATA[gender]]></fieldname>
<fieldvalue><![CDATA[Female]]></fieldvalue>
</value>
<value>
<fieldname><![CDATA[highestLevelOfEducation]]></fieldname>
<fieldvalue><![CDATA[some high / secondary school]]></fieldvalue>
</value>
<value>
<fieldname><![CDATA[describeYourself]]></fieldname>
<fieldvalue><![CDATA[extremely liberal
moderately liberal
slightly liberal]]></fieldvalue>
</value>
<value>
<fieldname><![CDATA[nationality]]></fieldname>
<fieldvalue><![CDATA[the United States]]></fieldvalue>
</value>
<value>
<fieldname><![CDATA[emailaddress]]></fieldname>
<fieldvalue></fieldvalue>
</value>
<value>
<fieldname><![CDATA[submit]]></fieldname>
<fieldvalue></fieldvalue>
</value>
<value>
<fieldname><![CDATA[formId]]></fieldname>
<fieldvalue>3</fieldvalue>
</value>
</values>
</submission>
</submissions>
