<?xml version="1.0" encoding="utf-8"?>
<rsform>
<version><![CDATA[1.50.14]]></version>
<cms><![CDATA[3.6.3]]></cms>
<php><![CDATA[5.4.45]]></php>
<os><![CDATA[Linux]]></os>
<url><![CDATA[http://extremelysilly.com/]]></url>
<root><![CDATA[/home/poltoys/public_html]]></root>
<author><![CDATA[armansrsa@gmail.com]]></author>
<date><![CDATA[2016-12-22 20:05:26]]></date>
<forms>
<form>
<id><![CDATA[eccbc87e4b]]></id>
<name><![CDATA[political-quiz-1]]></name>
<title><![CDATA[Escape the Echo - Political Quiz 1]]></title>
<submissions>1</submissions>
</form>
</forms>
</rsform>
